{"cameraMode":{"drawMode":0,"name":"Shaded","section":"Shading Mode"},"sceneLighting":false,"audioPlay":false,"sceneViewState":{"showFog":true,"showMaterialUpdate":false,"showSkybox":true,"showFlares":true,"showImageEffects":true,"showParticleSystems":true},"in2DMode":false,"pivot":{"x":-60.02762985229492,"y":6.800000190734863,"z":0.0},"rotation":{"x":-0.10213425010442734,"y":-0.15011613070964814,"z":-0.01558461133390665,"w":0.9832649827003479},"size":117.07838439941406,"orthographic":false}