{"cameraMode":{"drawMode":0,"name":"Shaded","section":"Shading Mode"},"sceneLighting":true,"audioPlay":false,"sceneViewState":{"showFog":true,"showMaterialUpdate":false,"showSkybox":true,"showFlares":true,"showImageEffects":true,"showParticleSystems":true},"in2DMode":false,"pivot":{"x":-2.016352653503418,"y":0.907374382019043,"z":-12.532700538635254},"rotation":{"x":0.15735360980033875,"y":0.6308321952819824,"z":-0.13270334899425507,"w":0.7481974959373474},"size":4.500411033630371,"orthographic":false}