{"cameraMode":{"drawMode":0,"name":"Shaded","section":"Shading Mode"},"sceneLighting":true,"audioPlay":false,"sceneViewState":{"showFog":true,"showMaterialUpdate":false,"showSkybox":true,"showFlares":true,"showImageEffects":true,"showParticleSystems":true},"in2DMode":false,"pivot":{"x":-4.180809020996094,"y":0.999049186706543,"z":1.1673088073730469},"rotation":{"x":-0.08110539615154267,"y":0.589043378829956,"z":-0.05958297476172447,"w":-0.8018136620521545},"size":16.958812713623048,"orthographic":false}