{"cameraMode":{"drawMode":0,"name":"Shaded","section":"Shading Mode"},"sceneLighting":false,"audioPlay":false,"sceneViewState":{"showFog":true,"showMaterialUpdate":false,"showSkybox":false,"showFlares":true,"showImageEffects":true,"showParticleSystems":true},"in2DMode":false,"pivot":{"x":14.140153884887696,"y":1.0670645236968995,"z":190.8154296875},"rotation":{"x":-0.02820131555199623,"y":0.7524304389953613,"z":-0.032320715487003329,"w":-0.6574424505233765},"size":6.102130889892578,"orthographic":false}