{"cameraMode":{"drawMode":0,"name":"Shaded","section":"Shading Mode"},"sceneLighting":false,"audioPlay":false,"sceneViewState":{"showFog":true,"showMaterialUpdate":false,"showSkybox":false,"showFlares":true,"showImageEffects":true,"showParticleSystems":true},"in2DMode":false,"pivot":{"x":12.347057342529297,"y":0.8893215656280518,"z":190.58383178710938},"rotation":{"x":0.07855472713708878,"y":0.7541785836219788,"z":-0.09153763204813004,"w":0.6456815600395203},"size":3.142115831375122,"orthographic":false}