{"cameraMode":{"drawMode":0,"name":"Shaded","section":"Shading Mode"},"sceneLighting":false,"audioPlay":false,"sceneViewState":{"showFog":true,"showMaterialUpdate":false,"showSkybox":false,"showFlares":true,"showImageEffects":true,"showParticleSystems":true},"in2DMode":false,"pivot":{"x":-3.0301263332366945,"y":0.924933910369873,"z":-1.205034852027893},"rotation":{"x":0.03741757571697235,"y":-0.8334723711013794,"z":0.057215653359889987,"w":0.5487420558929443},"size":6.797165870666504,"orthographic":false}