{"cameraMode":{"drawMode":0,"name":"Shaded","section":"Shading Mode"},"sceneLighting":true,"audioPlay":false,"sceneViewState":{"showFog":true,"showMaterialUpdate":false,"showSkybox":true,"showFlares":true,"showImageEffects":true,"showParticleSystems":true},"in2DMode":false,"pivot":{"x":301.67486572265627,"y":-183.99755859375,"z":-384.26568603515627},"rotation":{"x":0.06093746796250343,"y":0.9271882772445679,"z":-0.16933999955654145,"w":0.3294260799884796},"size":542.7220458984375,"orthographic":false}