{"cameraMode":{"drawMode":0,"name":"Shaded","section":"Shading Mode"},"sceneLighting":true,"audioPlay":false,"sceneViewState":{"showFog":true,"showMaterialUpdate":false,"showSkybox":true,"showFlares":true,"showImageEffects":true,"showParticleSystems":true},"in2DMode":false,"pivot":{"x":-0.5,"y":2.1700000762939455,"z":-10.819999694824219},"rotation":{"x":0.3739873170852661,"y":-0.19382983446121217,"z":0.0800752267241478,"w":0.9035670161247253},"size":3.1139602661132814,"orthographic":false}