{"cameraMode":{"drawMode":0,"name":"Shaded","section":"Shading Mode"},"sceneLighting":true,"audioPlay":false,"sceneViewState":{"showFog":true,"showMaterialUpdate":false,"showSkybox":true,"showFlares":true,"showImageEffects":true,"showParticleSystems":true},"in2DMode":false,"pivot":{"x":-377.9051513671875,"y":-342.12847900390627,"z":-43.956668853759769},"rotation":{"x":0.2406192123889923,"y":-0.6947327852249146,"z":0.2699598968029022,"w":0.6222175359725952},"size":542.7220458984375,"orthographic":false}